{
  "tree-animation-play": {
    "type": "checkbox",
    "value": true,
    "text": "Play tree animation"
  },
  "offset": {
    "max": 24,
    "min": -24,
    "text": "Time Offset - Half-hour increments",
    "type": "slider",
    "value": 0
  },
  "pixel-noise": {
    "type": "checkbox",
    "value": false,
    "text": "Add some pixel noise"
  },
  "247-sprites": {
    "type": "checkbox",
    "value": false,
    "text": "Show fireflies 24/7"
  },
  "label-visualizer": {
    "type": "label",
    "value": "Music Visualizer settings"
  },
  "visualizer-toggle": {
    "type": "checkbox",
    "value": false,
    "text": "Enable music visualizer"
  },
  "show-when-not-playing": {
    "type": "checkbox",
    "value": false,
    "text": "Show visualizer when not playing"
  },
  "label-spectrum": {
    "type": "label",
    "value": "Spectrum settings"
  },
  "vertical-scale": {
    "max": 50,
    "min": 0,
    "step": 0.1,
    "text": "Amplitude",
    "type": "slider",
    "value": 10
  },
  "visualizer-dots": {
    "max": 512,
    "min": 0,
    "step": 1,
    "text": "Number of dots",
    "type": "slider",
    "value": 256
  },
  "dot-scale": {
    "max": 5,
    "min": 0,
    "step": 0.1,
    "text": "Dot size",
    "type": "slider",
    "value": 1
  },
  "sorting-mode": {
    "type": "dropdown",
    "value": 5,
    "text": "Spectrum mode",
    "items": [
      "Concentrated",
      "Separated",
      "Center-split",
      "Mirror",
      "Reverse mirror",
      "Keep original"
    ]
  },
  "audio-play": {
    "type": "checkbox",
    "value": false,
    "text": "Play background audio"
  },
  "audio-tip": {
    "type": "label",
    "value": "Tip: Only enable this option on one wallpaper if you use\nit multiple times, otherwise the audio will sound weird."
  },
  "audio-volume": {
    "max": 100,
    "min": 0,
    "text": "Background audio volume",
    "type": "slider",
    "value": 25
  },
  "controls-visible": {
    "type": "checkbox",
    "value": false,
    "text": "Show settings panel"
  },
  "controls-location": {
    "type": "dropdown",
    "value": 0,
    "text": "Settings panel location",
    "items": ["Left", "Right"]
  }
}
