{
  "AppVersion": "2.0.6.6",
  "Title": "25th Hour Dynamic",
  "Thumbnail": "thumbnail.png",
  "Preview": "preview.gif",
  "Desc": "All credit for the design and animation goes to Louis Coyle, this is just a dynamic port with some quality of life features.",
  "Author": "Louis Coyle, Ju1-js",
  "License": "MIT",
  "Contact": "https://github.com/Ju1-js/25th-hour-dynamic",
  "Type": 1,
  "FileName": "index.html",
  "Arguments": "--audio --system-nowplaying",
  "IsAbsolutePath": false
}
