{
  "audio-volume": {
    "max": 100,
    "min": 0,
    "tick": 25,
    "text": "Background audio volume",
    "type": "slider",
    "value": 25
  },
  "audio-play": {
    "type": "checkbox",
    "value": true,
    "text": "Play background audio"
  },
  "controls-location": {
    "type": "dropdown",
    "value": 0,
    "text": "Settings panel location",
    "items": ["Left", "Right"]
  },
  "controls-visible": {
    "type": "checkbox",
    "value": true,
    "text": "Show settings panel"
  }
}
